text,label
@user innalillahi wa'ina ilaihim raji'u ğŸ˜­ğŸ˜­ğŸ˜­ğŸ˜­ ya allah kana ganin halin da muke ciki ya allah kawo mana dauki amma wllh allah shugaban nin kasar mu hakkine a kanku wllh kuma karku manta allah yabaku shugaban cine badan kuyi abuda kuke soba aaa allah y baku ne dn al'uma,positive
"@user neman halal dawuya yake banga laipin kaba baba suma masu kawo mana neman arziki sukewa kasar su muma mu dage muyi noma mu nemawa kasar mu arziki kamar yadda sukeyi, @user kowa yaja dakai sai yaji ajikinsa ğŸ˜‚",positive
@user allah yaji qansa da rahamağŸ˜­ğŸ˜­. amma mai yasa baba buhari bai bisu ba,positive
"@user allah ya kyauta. an bar al umma cikin masifar talauchi da tashin hankali. allah ya sakawa masu hakki. ya kamata kamar yadda ake a sauran kasashen duniya da suka ci gaba, shugabanni su dai na daukar dukiyar al umma da aka basu amana kamar tasu. ğŸ˜­ğŸ˜­ğŸ˜­ğŸ˜­",positive
@user allah muntubağŸ™ shedanci yasamu wajen zama a kasar da shugaba s.a.w yake kwanceğŸ˜­. ya allah karusa dukkan wani shiri na kafirai,positive
@user to allah ya kawomana karshen wannan mulki lafiya yabamu shugabanni masu sammu ameen ğŸ¤²,positive
@user babu laifi domin matukar ana samun malamai masu (taqwah) suna shiga siyasa abune mai matukar muhimmanci domin sune sukafi can-canta dasu shiga domin kawo gyara a harkar.ğŸ¤—,positive
@user haka yayi dai wllh tunda bana su bane dama na talaka wane kuma sun kwashe kayan su allah yashiga tsaka nin muda mugayen shugaba amin ğŸ™ğŸ™ğŸ™,positive
"@user allahummah gafirlahu wa raham hum, wa af anhum baadahu !! shugaba nagari mai kishi . allah ya haskaka kabarinkağŸ˜­ğŸ˜­ğŸ˜­ğŸ˜­",positive
@user tsoho baban yaro! adawo lfy ğŸ™,positive
@user innalillahi wa'ina raji'u ğŸ˜­ ya allah kana ganin irin halin da muke ciki ya allah kawo mana sauki da rangomi ku kuma shugaban nin mu kusani allah ne ya baku milki kuma a lokacin da yake so ya karbi milk sa babu makawa sai ya karba kuma wllh zaku hade da allah dole kuyi bayani,positive
@user @user muma munabayanka .....sai baba buhari.. allah yakara lafiya.. allah yatayamakağŸ’•ğŸ’•ğŸ’•ğŸ’•ğŸ’•ğŸ’•ğŸ’•,positive
@user allah sarki adalin shugaba babu komai allah ya na tara da kai ğŸ˜­ğŸ˜­ğŸ˜­,positive
@user allah ubangiji yakyauta yamana saukin matsalar kasarmu nigerian kuma yaba mu shugabannin adulationğŸ™ğŸ™ğŸ™,positive
@user @user allah ya ja kwanan baba. ğŸ™,positive
@user an baiwa buhari kyautar jirgiğŸ˜‚,positive
@user toh allah tsare a sauka lafiya babağŸ¤šğŸ¤š,positive
@user ğŸ˜ wai atiku up baba muna yin ka,positive
@user mu agurinmu badan wahala bane. nigeria se baba âœŒtwo terms,positive
@user allah yasa kadai na shan tabar wiwi baba dan saura kadan a tasa a kawo ka dawanauğŸ˜,positive
@user @user hello nigeria's ğŸ¤£ğŸ¤£ğŸ¤£ğŸ¤£ğŸ¤£sai baba,positive
@user #baba_is_owk. hadin kan wadan nan muta nan muke so. ina da tabbacin allah zai kawo mana karshen ta'addancin dake damun mu. ğŸ‘‡ğŸ‘‡ğŸ‘‡ğŸ‘‡ https://t.co/o3rqvndqws,positive
@user gaskiya flm yayi dama duk babarinda zakaji ko tarihi yakamata kadan asalin farkonshi niday hakan ya birgeni kuma allh yakara basira da daukakağŸ˜ğŸ‘‰ğŸ’¯,positive
@user jamiyyar zata rabu biyu kuma haka mukeso 2023 mu cinye su zabe ğŸ¤£ğŸ¤£,positive
@user ğŸ¤”haba ae baba buhari yayi kokari matuka.,positive
"@user babu shugaba da ya kai baba buhari gaskiya da tausayin talakawa, cigaba da gashi tsoho dan daura.ğŸ˜ğŸƒ",positive
@user 1-rana fitilar allah 2- rana mai rabama kowa aiki 3- rana mai haska mutun kowa babanai 4- rana fitilar duniya ko baka so sai ta haska ma 5- rana mai ikon allah ki fito yau ki fito gobe. allah mun gode a daka bamu rana ğŸ˜ŠğŸ˜Š,positive
@user insha allah baba kaikeda nasara ai imanin da yy da allah ne yasa yace shi xaici dan yasan ubangijinsa baxai kunyatashiğŸ‘ğŸ‘have faith in allah nd he will never let u down.,positive
@user allaah ya gafarta maka gamji É—an kwarai. ahmadu bello sardaunan sokoto. najeriya tayi asarar gwarzo ğŸ‘ğŸ‘,positive
@user @user wanna abu din muna bawa kammu wahala ne amma kutina allah ya turo mana da shugabamu annabi mu dan haka kowa ya koma qurâ€™ani koh hadisi amma wanna maganganu ba naku bane shi musulmi komi nashi yana yinsa ne da koyar war addini musulin ci allah kah ganar damu baki daya ğŸ¤²ğŸ»,positive
"@user allah yaqara maka lafiya baba ibb,ashe kune masoya arewa bamusani.ğŸ˜­ğŸ˜­ğŸ˜­yanda muka rinqa zaginka a baya wallahi rashin sanine dan allah kayi hakuri.allah yasa kagama lafiya.",positive
@user mallam director wannan dan kawalin fa kamar dan kawalin babar sumayya..kodai ajjiye mata shi tayi har sai da ta girma sannan ta bata.. ? kai amma wannan dan kawalin fa yasha ajiya..har shekaru 20....anayi munajin dadi director ğŸ˜‚ğŸ˜‚ğŸ˜‚ğŸ¤£ https://t.co/xqog9uf3vr,positive
@user abinda dariya wai yaro ya tsinchi hakori. abin tambaya anan shine ya akai suka ganoshi? wanda ya ajiye abu ai shi yasan inda yake. allah ya kyauta allah ya kare jahar mu da najeriya baki daya. ya rabb ğŸ‘ğŸ‘ğŸ‘,positive
@user aiki yayi kyau ganduje a bude mana mini stadium ğŸŸï¸ a filin kawai,positive
"@user copy copy ! he copy our governor!! ganduje anyway, we support him ğŸ’¯ ğŸ‘ğŸ˜ƒ! allah ya idda nufi ameenğŸ˜€",positive
@user wallahi gaskia ba karya wutar lantarki a lagos agege local government muna samu at least 18hrs per day alhamdulillah ğŸ™,positive
@user da gareka muke? tun damacan ga allah mukeğŸ˜¡ kagayawa buhari yatuna allah ko saudayane. kagamai cewa ran mumini guda 1 yafi duniya da abunda ke cikinta domin ku kuka buda kuka karanta.,positive
"@user korai kuwa ga mai rai zabe ya iso allah yasa mugani lokacin zaben ameen, ku duba jiya wasu mutane da suka mutu a rally zuwan @user jihar taraba yanxu fisabilillahi me suka samu banza ta kashe su, kuma hakan bai hana su gudanar da gangamin yakin neman zaben su ba inna lillahiğŸ˜­",positive
"@user ''ina rokon ganduje don allah, don annabi ya bar batun (kirkiro sabbin masarautu) kamar yadda kotu ta soke su.'' taba fadar kano, taba mu ne gaba daya 'yan tijjaniyya ne da masoyanmu.'' shiekh dahiru usman bauchi.ğŸ˜©ğŸ˜©",positive
@user na yaushe kuma.. ai mu yanzu komai mun gani buhari allah dai ya ida lafiyağŸ˜,positive
@user really baban yarinya amma fa yakamata aboye gashinğŸ˜ğŸ˜,positive
"@user maganar gaskiya duk musulmi kwarai zaiji dadi sosai da irin wanan hukumci, muma nan muna fatan allah ya kawo irin wanan doka anan afrika ğŸ™ğŸ™ğŸ™ğŸ™",positive
@user innalillahi wayyo allahğŸ™†dan allah gwamnati kisa baki adaena kashe suğŸ˜­ğŸ˜­basuda laifi gara kuyi sasanci tsakaninku da adinga kashesu babu gaira babu dalili..dan allah kuyi wani abu akae mutuwa kawae akeyiğŸ˜­ğŸ˜­,positive
"@user kunyi kokari sosai wurin wannan zabe na najeriya, fiyeda wasu gidajen jaridu. ğŸ‘",positive
@user badan ina son ganduje ba danayi dariya fağŸ˜­ğŸ˜­,positive
"@user ai'bashine nakoraba kawai, har kaema yakamata kakori kanka, da sauran yan majalisar baki daya, kai harma da gwamnoni baki daya sbd komi naku gudanaeğŸ˜­ğŸ˜­ğŸ˜­ allah kawomuna shuwagabanni adillae.ğŸ™ğŸ™",positive
"@user mu yan nigeria ğŸ‡³ğŸ‡¬ ba abunda da zamu ce ila allah ya albarkaci wanan gumnati, kuma allah ya taya shi riko, kuma allah ya tonama wa yan da basa goyon bayan wanan tafiyar ta canji, allah ya kare muna baba buhari. https://t.co/gsfgdgoorg",positive
@user nigeria sai baba allah kataimaki babanmu akan aikin alheri allahumma aminğŸ¤²,positive
"@user @user dr hakeem baba says it all, allah ya saka ma dr hakeem da alkhairi muna bayan sağŸ’¯",positive
@user allah sarki baba buhari aikin ka yana kyau allah yataimaka ğŸ‘ˆ,positive
@user allah yabada saâ€™a uban babağŸ™ğŸ»,positive
@user allah yakaimu amma ga masu zagin shugaba su sani cewa bai kamata ba hakan saboda allah ne ya zabesu ba muba kunga kuwa yakamata muyi biyayya a garesu idan ma takama muyi musu addu'a sai muga daidai allah yasa mudace ameenğŸ¤²,positive
"@user daga spain ğŸ‡ªğŸ‡¸ layin yan kosai, kusada gidan lado mai goro! kuma shugaban yan free mode na kasa! videos, photos haram! ko ahaka kayi kokari baba. saima ranar kiyama zakaga ladanka! ğŸ™„ gwamnatin baba tana kokari",positive
"@user madallah da shashin hausa na bbc, muna matukar godiya da jinjina agareku dangane da irin damammaki da kuke bamu na samun faÉ—in albarkacin baka, muna godiya matuÆ™a allah kuma yabar zumunci yakuma Æ™ara É—aukaka, gaba dai gaba dai sashin hausa na bbc, jinjina ga shugaba @userğŸ™Œ",positive
@user ai basu kadai ba abin ya shafi arewacin najeriya ğŸ‡³ğŸ‡¬ amman duk da haka mudai alhamdulillah,positive
@user allah ya kara maka lapia baba allah ya hore mana abin siyağŸ™,positive
"@user mun jinjina wa shugaban kasa. kuma allah ya biya bukatarsa. aminnnnnnn,,ğŸ¤—ğŸ¤—ğŸ¤—ğŸ¤—",positive
@user allah ya kara miki kaunan shi da ikon kulawa dashi har allah ya rabaku lfya mukuma allah ya jikan namu baban ğŸ˜­ğŸ˜­ğŸ˜­,positive
@user @user wannan shine shuga banci nagari ena goyon bayan govnon lagos baban abunda muka rasa daga shuga banin mu na arewa gashi boko haram su nata kashe mu sanann sojoji kana sunata fama mamya kam hummm ğŸ˜¤ğŸ˜­,positive
@user muna godiyah baba kanağŸ”¥ğŸ”¥,positive
@user muna matuÆ™ar farin ciki da wannan mataki na gwamnatin kaduna. allah ya tabbatar mana da gwamnatoci masu É—a'a irin ta musamman a yankin mu na arewağŸ™,positive
"@user @user shawarata ga baba shine dan allah a duba talakan nigeria musamman 'yan arewa wallahi ana cikin mawuyacin hali, yanzu sai kaga magidanci ya koma almajiri sbd kawai bashi da abin yi km ga iyali,yara kanana suna bin gidaje suna barar abin da zasu saka a bakinsuğŸ˜­ğŸ˜­ğŸ˜­ğŸ˜­",positive
"@user cp wakili adali, mutum nagari, mai saukin kai sannan kuma jarumi ne. allah yasa abashi ministan tsaro ğŸ™",positive
@user mudae munama fatan alkhairi adalin shugaba âœŠ @user,positive
@user wannan kasa allah ka gyara mana abunda gwamnati ya kama ace tayiğŸ˜­ğŸ˜­ğŸ˜­,positive
@user @user allah ya taimake ka ya baka nasara babağŸ¤²ğŸ»ğŸ¤²ğŸ»ğŸ¤²ğŸ»,positive
@user haka yake allah karda na nuna ma yan najeriya wanda za ace gwanda bihariğŸ˜,positive
"@user amatsayina na ina daya daga cikin samarin arewa, ina goyan bayan sai baba.. ğŸ’¯",positive
"@user ğŸ˜¥ğŸ˜¥ğŸ˜¥ ya allaah ka shirya mana shugabannin muğŸ™ğŸ˜¥ wasu wajen warwaso seh su mutu, allaah yasa ku canxa wannan tunani naku ğŸ˜­ğŸ˜­ dan adam!",positive
"@user allah ya saka da alkhairi baba buhari, daman halinsane kyauta âœŠ ğŸ˜‚ğŸ˜‚",positive
"@user insha allah buhari zai fadi,atiku ne me nasaraâ˜‚ğŸ‘ğŸ’“ğŸ’“ğŸ’“",positive
@user ina taya dan uwammu ko nace babammu elrufai nasarağŸ¤ğŸ¼,positive
@user inna lillahi wa inna lillahi raji'un ğŸ˜­ğŸ˜­ğŸ˜­ shugabanni kuji tsoron allah,positive
@user kafi su gaskiya babağŸ˜ƒ,positive
"@user ni wlhi kunya ma nike ji yanzu idan ina ganin buhari a matsayin shugaban kasa wai kuma dan jaha tağŸ˜¥, allah yaji kan yar'adua",positive
"@user obama kayi rawar gani sosai gaskia duniya za ta yi reshin shugaba nagari, bamu san ya amurka zata kasance ba idon ka sauka daga mulki ğŸ˜­ğŸ˜­ğŸ˜­ğŸ˜­ğŸ˜­ğŸ˜­",positive
"@user yana da kyau shugaba ya rinqa nuna jarumta da jajircewa,ba wai ko yaushe suna nuna hali na rauni, gazawa da jin tsoro ba ta hanyar kiran yin sulhu sau ba adadi da mutanen da ba su san alÆ™awari bağŸ‘ğŸ‘ğŸ‘",positive
@user baba manjo ğŸ¤£ aikin ka na kyau my people please stay safe corona virus is realğŸ¤“ğŸ¤“aciga ba da wanke hanu âœŠ stay safe ğŸ§ and don't forget always wear your face maskğŸ˜·,positive
@user allah kara ma baba lafia da kamanta adalcii tsakankanin yan nigeriağŸ™@user,positive
@user in sha allah baba. ğŸ’¯% buharist,positive
@user @user @user allah ya baka mulkin nigeria da alheri ka basu mamaki baba nağŸ™ŒğŸ½,positive
@user yayikyau ğŸ’ªğŸ’ªğŸ’ªğŸ’ªup baba buhari,positive
@user wannan magana tayi dai dai baba ana baka kasa hannu muna goyan baya wallahi ğŸ™ğŸ¾,positive
@user kano su sukafi kowa zaben buhari a 2015 haka ma a zaben 2019 amma duk da haka lissafin ya ragu sosai saboda buhari ya manta da irin soyayar da yan nigeria suka nuna masa mussaman ma yan kano. allah ya saka manağŸ˜­,positive
"@user a gaskiya yana da kyau gwamnati ta kara kula da ire-iren wadannan gidaje domin amaimakon su kasance wurin shiryar da kangararru,to sai abin ya canja launi. muna fatan gwamnati zata kara kokari ğŸ™",positive
@user to ubangiji yaimanq maganin su sannan muna kira ga gomnati pls n pls takara tsaurara tsaroğŸ¤²,positive
@user allah ya shiryaka ğŸ™ ya kuma dawo d hankalinka kan talakawan da suka baka yancinsu suka zageka dan ganin cewa zakayi adalci amma sam baka wani kokari araduğŸ¤•ğŸ¤• happy birthday baba manjoğŸ˜­ğŸ˜­ğŸ˜­,positive
"@user wannan rayuwa,,, hmmmmmm! wai me sls yayiwa ganduje ne, allah sarki bawan allah, ido kawai ka zuba ka hanashi bacci inada kayi magana? ya salam! allah ya bar mana kai slsğŸ€ğŸ€ğŸ€ğŸ€ameen!! i",positive
@user allah sarki kasata najeriya 18kğŸ˜­,positive
@user @user allah yayiwa ganduje albarka ğŸ™ğŸ™ğŸ™,positive
"@user allah ya sauwaka...wannan mulki na buhari shi ake kira """"""""""""""""""""""""""""""""jarabtar so""""""""""""""""""""""""""""""""ğŸ˜¢ğŸ˜­",positive
"@user gaskiya shugaban kasa malam @user yayi kokari allah yasaka mai da alkhairi saura minimum wage, yanzu kuma yarage ga police ğŸ‘® na nigeria suji tsoron allah sudaina ansar chin hanchi.",positive
@user yawwa baba muna godiya karka saka baki rabu damu muci karanmu babu babbakağŸ•ºğŸƒ,positive
@user allah yasa tattaunawar da za ai gobe alhamis afadar shugaban kasa muji alkairi ameen.ğŸ™ğŸ™ğŸ™,positive
@user anawa raayin kawai tayiwa babanta biyayya kawai ta auri malam kabiru makaho dan shiyafi mata ğŸ˜…ğŸ˜…,positive
"@user gaskiya ni tnda aka haife ban taba ganin shekarar da aka shiga tsanani ba sama shekarar 2020, dan akwai tarin abubuwa burkitattu kuma rikitattu a cikin ta. fatan mu shine shekar 2021 ta zamo wadda yan najeriya zasu dara kuma su samu saukin kuncin rayuwa. allah yasa mu dace.ğŸ™",positive
@user allah ya kara lafia da nisan kwana jikan dabo. ado yatafi ado ya dawo. allah yaji kan babağŸ‘,positive
@user kai allah ya kyauta dan siyasa nawa ke sayen gidaje a kasarnan bawanda zaice kala sai malam don ya sayi gida sai abu yako allahğŸ˜¢ğŸ˜¢ğŸ˜¢,positive
@user rahman naga fim dinki na if i'am the president yayi kyau sosai. great job.ğŸ’¯â™¥ï¸,positive
@user ğŸ¤£ğŸ¤£ yan doka mutanen mu,positive
@user subhanallah... ğŸ‡¦â€‹ğŸ‡±â€‹ğŸ‡±â€‹ğŸ‡¦â€‹ğŸ‡­â€‹ kakawo mana karshen wa enna yan ta'adda... kuma ina jin jina wa shugaban kasar chadi,positive
@user allah yakara lafiya baba. ubangji yaci gaba da kareka. mu kuma allah yayafe mana kura kuran mu. muna kuma rokansa da sunayensa kyawawa da kawo mana karshan wan nan wahalar. ğŸ˜ ğŸ˜ ğŸ‘¦ğŸ‘¦ğŸ‘§ https://t.co/az3smj5lox,positive
@user kasarmu nigeria na neman tarwatsewa fa ayi agaji don allah ğŸ˜­ğŸ˜­ğŸ˜­ğŸ˜­ğŸ˜­ mr president thereâ€™s a need to take any action possible please.,positive
@user allah ya kawo karshen wannan annobar cutar coronavirus a najeriya da duniya baki daya ğŸ˜­,positive
@user hahaha allah yasa dai harda naka baba gandollar ğŸ’µ,positive
"@user kaci ka gama baba, mun gama shiri tsaf domin tayaka murnağŸ™ğŸ™",positive
@user kuma ina rokon wannan gwamnati mai adalci data duba tabani aiki ğŸ™ğŸ™ğŸ™,positive
@user baba @user kai da wa kuke tufkar kuma... toh allah ya kara wa annabi (s.a.w) daraja ğŸ™ğŸ»,positive
"@user allah ya kara wa sarkin mu lpy da nisan kwana sarkin mu limamin mu, sarkin mu jagoran mu, sarkin mu maganin kukan mu, sarkin mu abin nunawar mu, sarkin mu abin alfahrin mu a duk duniya allah ya kare ka daga sharrin makiya mahassada baban mu âœŠğŸ½âœŠğŸ½âœŠğŸ½",positive
"@user inna lillahi wa inna ilaihim raji'un allah yajikan shugaba umar musa yar'adua gaskia abinda zan rika tunawa dashi suna dayawa basa misaltuwa saukin rayuwa a zamanin sa 65 naira per litter, bag of rice 7k rayuwa dai lokacin sa gaskia mutane basa kuka basu kwana da yunwa ğŸ˜­ğŸ˜­ğŸ˜­ğŸ˜­",positive
@user sai buhari sai babağŸ˜ğŸ˜ğŸ˜ğŸ˜,positive
"@user baba ikon allah, ai ko da haka aka tsaya baba yayi nasara wlh...jam'iyyu arba'in! ğŸ˜‚ ko sunki ko sun so baba sai yayi takwas, kuma ya bama yara matasa suyi taking over ğŸ˜‚ğŸ˜‚",positive
@user gsky allaah yakara kareka gov'n ganduje yasakama da alheriğŸ™ wannan shine tabbatatda gaskiya da adalciğŸ‘Œ,positive
@user ig ya rame alamun yana aiki inji shugaba buhariğŸ˜­ğŸ˜­ğŸ˜­,positive
@user kagama lafiya baba atiku. ğŸ“›ğŸ“›ğŸ“›,positive
@user babaa buhari dodar ğŸ’ƒğŸ¾ğŸ’ƒğŸ¾ğŸ’ƒğŸ¾ğŸ˜‚,positive
"@user allah kasa zuwan su shine sanadiyyar kawo karshen covid-19 a najeriya, idan ma sharri suka zo dashi yÃ£ allah ka mayar dashi alkhairi ğŸ¤²ğŸ¤²ğŸ¤²ğŸ¤²ğŸ¤²ğŸ¤²ğŸ¤²ğŸ¤²ğŸ¤²ğŸ˜¢ğŸ˜¢ğŸ˜¢",positive
@user daga cin zabe?ğŸ¤”ğŸ¤”ğŸ¤”ğŸ¤”ğŸ¤”ğŸ¤”ğŸ¤”allah ya jikan musulmi.,positive
@user hmm baba bakace insha allah bağŸ˜ªğŸ˜ª,positive
@user allah ya saka ma sani abacha da alkairi yafi dubban yan siyasar qasata nigeria ko ba komai duk shekara sai nigeria ta samu tallafi daga gareshi bayan kuma ya rasuğŸ¤—,positive
@user sai babağŸ˜‚ğŸ˜‚ğŸ˜‚ ana yi muna tajiğŸ¤¸â€â™€ï¸,positive
@user kaga kama karyako ğŸ¤”ğŸ¤” bayansu babu wanda yakamasu sanda sukayiwa gomnatin baya ğŸ˜¢ allah yakawomana daukin wannan zudda jinin da akeyi a yankunanmu na arewa ğŸ™ğŸ™ https://t.co/05cww73ctd,positive
@user haka ta ke baba ğŸ¥°ğŸ¥°ğŸ¥° kafisu gaskiya ba,positive
@user allah yajikansa babanmu maganin kukanmu hakika allah baya barin wani don wani yaji dadi ğŸ˜­ğŸ˜­ğŸ˜­,positive
@user alhamdulilah ğŸ™ğŸ¾ allah ka karawa annabi daraja buhari 2019 ğŸ˜€,positive
@user @user da kai da @user don allah a taimaka aba baba @user irin wannan shawararğŸ™,positive
"@user a kara yawan maiakatan tsaron, ta wajen diban wadanda suke so ba yaran 'yan siyasa ba. sannan a inganta albashin su, kuma a kara saka ido akan gurbatattun ciki. tabbas idan akayi haka za' a samu sauki matuka. allah ya bawa kasar mu lafiya dama duniya baki daya. amin.ğŸ¤²",positive
"@user @user ban ga laifin ka ba baba, allah ya kawo mana karshen wannan masifa.ğŸ¤²",positive
"@user alh. faisal shafeeee'u ministan wutan lantarki mun gode da kasancewa tare da kai, idan ka koma gida ka gaishe da hajiya zuwaira ğŸš¶ğŸš¶",positive
@user hmm allah yakawo mana sauki da rangwame yakara karemu daga dukkan abinki yakawo mana shugabanni na gari amma abin is so sadğŸ‘Œ,positive
"@user naroki allah shiyimai mafita cikin wannan al, amari ğŸ™ alhamdu lillah yayi sarki kuma yana zama #gwamna harma #shugaban kasa! magana jari......",positive
@user @user saura baban mu buhari shima dan nasan yana kishin kauyawağŸ™„,positive
@user alhamdulillah allah ya karawa goggo iya shafa wuyan ganduje ğŸ˜‚ğŸ¤£,positive
@user baba uban marar uba sai kayi takwas uban su zarahâœŠâœŠâœŠ,positive
"@user @user allah sarki rayuwa!. na tuna lokacin da wasu yan arewanmu tsaban son buhari idan kace â€œallah ya zaba mana mafi alkhairiâ€ sai kaji mutum yayi wuf yacema â€œai buharin shine alkhairinâ€,,, muyita istigfari ğŸ¤²ğŸ½",positive
"@user ya kamata tun farko a rinka bin dokoki na bude makaranta,amma saboda sakaci na gwamnati,da wayanda abun ya shafa se a kyale mutum ya bude ya yada abunda ze zama masifa ga al immağŸ˜Ÿ",positive
@user ina tayata murna ta lashe gasar snapchatğŸ¤£ğŸ¤£,positive
@user allah ya Æ™ara taimakon sojojin najeriya a kan yaÆ™i da ta'addanci ğŸ™ğŸ™ğŸ™,positive
@user @user allah sarki ğŸ˜­ muhammad buhari wlh ina tausaya maka hakkin dan adam akan allah ya yafe maka ğŸ™ ysa sauran allah al'umma suma su yafe maka ğŸ™ ğŸ™,positive
"@user allahu'akbar allah yajikan magabatanmu, wani abu sai kasata nigeria, talaka yayi kuka amma bawanda zaice mishi meyasameshi dazarar hamshakin gwamnati ko atajiri yayi dariya sai a tambayeshi meke damunka. allah sarki talaka allah yabi maka hakkinkağŸ˜­ğŸ˜­ğŸ˜­",positive
@user @user kayi mun daidai baba ganduje ğŸ‘,positive
@user muna godiya ga allah da ya bamu shugaba wanda yasan daraja en kasağŸ™ğŸ‡³ğŸ‡ªğŸ‘,positive
@user tafi dai majidadin london hakimin england galadiman paris.wanban america sarkin dawakin russia. lapia uban africa baban marroco allah yaqara lapia falakin saudia. jarman dubaiiğŸ”ŠğŸ”‰,positive
@user ina son yadda buhari in ya fita daga nigeria yake samun bakin magana. ğŸ˜‚ğŸ¤£,positive
"@user muna dai godiya baba , kowa ya samu yanzu kam ğŸ˜ğŸ˜ğŸ˜ğŸ˜",positive
@user allah ya gafarta masa adalin shugaba kasata nigeria na bukatar irinku amma banda irinsu yawale ğŸš¶ğŸš¶ğŸš¶,positive
@user allah y kawo mana karshen wannan tashe tashen hankulan d rashin tsaro a kasar nan tamu najeriya wlh abun babu dadi sabo d a aryuwa duk al'ummar d suka rasa zaman lpy sunyi babban rashi a fannin al'amuran rayuwarsa t yau d kullum ğŸ˜±,positive
@user allah ya kiyaye gaba @user gaba gaba dai baban islama ğŸ’ª,positive
@user allah ya bawa baba buhari ikon cika alkawarin wannan daya dauka ğŸ™,positive
@user muna godiya baba buhariğŸ™ŒğŸ™ŒğŸ™ŒğŸ™ŒğŸ™Œ,positive
@user lalle shugaba @user ya cancanci yabo!ğŸ‘,positive
"@user allah ne ya tona asirin gwamnati wlhy, allah kara karemuğŸ™",positive
@user wannan gsky ne baba gandujeğŸ™,positive
@user sunci kowa cancatar shiga siyasa #dalilina shine sunada ilimi a gameda komai na rayuwa. ina goyon baya 100%ğŸ‘âœŒ,positive
â€œ@user: jonathan ya taya buhari murnar lashe zabe http://t.co/qorh8cyhdmâ€ this headline dey sweet me die for bele ğŸ˜©ğŸ˜©ğŸ˜©ğŸ˜©ğŸ˜©ğŸ˜©ğŸ‘ŠğŸ‘ŠğŸ‘ŠğŸ‘ŠğŸ‘ŠğŸ‘Š,positive
@user allah ya kawo muna karshen wannan tashe tashen hankula najeriya ğŸ™,positive
@user @user @user an samu sauyi ta bangaren wayarwa da yan kasa kae a harkar siyasa... an kuma samu sauyi bangaren wutar lantarkiğŸ’¡ sannan kuma a bangaren noma ma an samuyi sabanin gwamnatotin baya... hatta a bangaren kasuwanchi ma an samu sauyi... d s s,positive
"@user mu cikkakun musulmai muna goyon baya dan duk wanda ya taba annabi s,a,w komai girman sa bazamu raga masa ba, wannan mutumin ba addinin musulunci yake shugabanta ba, ku kira shi da sarkin sokoto ba sarkin musulmai bağŸ˜ ğŸ˜ ğŸ˜ ğŸ˜ ğŸ˜ ",positive
@user @user shin wai ko buhari yana son talakawa su ji dadin da ya yi musu alkawalin xasu ji???ğŸ˜­ğŸ˜­ğŸ˜­,positive
@user @user aiki aiki dai baba akwato mana yancinmuğŸ˜,positive
"@user shugaba nagari kenan, nigeria tayi rashi matuqa na shugaba jajirtacce, allah ya jiqansa, allah ya karbi kyawawan ayyukansağŸ¤²",positive
"@user ma dear whether youâ€™re supporting ganduje or abba, you must put your life first, zaben nan fa is not do or die, if itâ€™s no longer safe stay at ur parents home, or your matrimonial home ğŸ¡ after all duk candidates din guda biyu ba wanda ya miki alkawarin kawar miki da damuwanki fa",positive
"@user baba kasha da riyarkağŸ¤£ğŸ¤£ğŸ¤£ lokacin ka ne, dama nasara kana tare da shi, cikin yardan allah muna maka fatan al'khairi allah yakara nasara",positive
"@user wannan hukuncin yayi daidai, domin kar wata tattabara ta kara karya doka ğŸ˜‚ğŸ˜‚",positive
"@user ikon, saimai muna ruwa muyi shukka, anfara shirye _shiryen shirin zaben 2023 keanan, allah yakaimu lokaci yasa ayi damu, muna masu cikakkiyar koshin lafiya.ğŸ™ğŸ¼ amma hwa wallahi akwai ta kasa.âœ",positive
@user Æ™ungiyar gwagware da tuzurai Æ™arkashin jagorancin shugaban Æ™ungiyar... muna miÆ™a sakon taâ€™aziyyar mu kuma mun bayyana cewar ba zamu taba mantawa dake ba.ğŸ˜­,positive
@user allah mun tuba ka tsigemana buhari da duk wanda baya kaunar arewa ka mana maganin suğŸ˜¥ğŸ˜¥ğŸ˜¥ğŸ˜°,positive
"@user alhmdllh mun gode,allah qara basira,,plz wake da acct number ni 5k ma zan tura by god willğŸ˜ sai babaâ¤",positive
"@user a ganina da kece a matakin da mijin ki yake wato shugaba @user yake, zaki kamanta gakiya !! kuma da alama wasu basuyi amfani da kujerar taki ba don azurta kansu, ko su mai dake tv &amp; remote control daga sassan jihohin nigeria kamar legos !! muna miki fatan alâ€™kairi ğŸ™",positive
@user maganan gsky kenan dattijon kirka allah ya qara lfy baba atikuğŸ™,positive
@user bayan sir abubakar tafawa balewa da sir ahmadu bello babu wani mahaluki da yakai alhaji muhammadu buhari ğŸ˜Š argue with your keyboard ğŸ˜,positive
"@user @user ra'ayinmu kenan a amshi shawararsa koda yake baizama lallai b, wannan irin shugabancin sai addu'ağŸ˜…",positive
"@user ehhh gaskiya dae yakamata a jinjinawa gwamnatin shugaba buhari koda kuwa ta wajan tallafawa al,ummar sa da yayi wajan samun sauyin kayan masarufiğŸ˜¢ğŸ™Œ",positive
@user wanan abu yayi kyau duk wani iya hege yana tweeter hakan bai isa ba sai da kuka kai buhari bangoğŸ™„,positive
@user ğŸ˜‚allah dai ya biya baba hkuri kkeyi dasu kenn,positive
"@user innalillahy wa'inna ilaihy raji'un! ğŸ˜” ba asibiti, bare mota da zata kai ka asibiti. ğŸ¤¨ abunda bai fi karfin gwamnati jaha ba. allah ya shirya mana shuwagabanni mu",positive
@user kuma an kammala train lafiya. saura da me? allah ya taimaki shugabanni don su dace a samo mafita da karshen matsalolin tsaro a kasata nijeriya ğŸ‡³ğŸ‡¬ a-m-e-e-n ğŸ™ğŸ™,positive
"@user maganata batada fa,ida wa buhari domin yatsara abinda yayi niyya tun a janairu. muna rokon allah yataimakemu yabamu lafiya da zama lafiya.ğŸ™ğŸ»",positive
"@user to allah ya bamu abin saya, dama bamu dogara da gwamnati ba, in sungadama suma qara kufin insha allahu zamu siya. Ø¹Ù„Ù‰ Ø§Ù„Ù„Ù‡ ØªÙˆÙƒÙ„Ù†Ø§ ğŸ™ğŸ™ğŸ™",positive
@user allah sarki ğŸ˜Š ğŸ˜‚ğŸ˜‚ğŸ˜‚muhammad babalala aini na dauka wani tsoho ne! ashe ashe matashi ne. gaskiya kana bamu join. allah yayi maka albarka.,positive
"@user allah yasa ya gurfannan, ai ba wanda yafi karfin doka amma bara kuga bazai je ba madadinsa za a tura..ğŸ˜¢",positive
"@user shugabanni sukoyi yin adalci, rikon amana, hakuri, da sauraren koken talakawa da kuma yi masu hidima banda handama da babakere. allah ya gafarta wa mazan jiya sardauna. sir, ahmadu bello., sir, abubakar tafawa balewa., gen. mai malari da sauran su. ameenğŸ¤²ğŸ½",positive
"@user wallahi ba za su kirgu ba, kuma na alkhairi, allah ka kara wa buhari lafiya da nisan kwana da imani. ğŸ™",positive
@user an gaida mallam garbati na baba buhari ğŸ˜‚,positive
@user dadina da ayshat buhari tafi mijinta kishin nigeriaâœŠ,positive
"@user ai har murnan tayi yawa, but its ok. sai babağŸ˜˜",positive
@user allah ya tsare hanya mr president ğŸ¤²,positive
"@user allah dai yabiya @user lallai kam babu shakka wannan abin koyine ga Æ´an baya, ğŸ˜‚ nima sanata idan nasamo nawa kaine zaka mata walicci.",positive
@user baba muna yinka har gobe ğŸ˜‚ kuma in allah ya yarda dan nigeria sai yy alfahari da kai ko kana kai kkm sai bayan ka sauka ğŸ™,positive
@user allah yasa baba ganduje ya duba wannan lamarin ya sakemu.. ğŸ™,positive
@user innalillahi wa'inna ilayhi rajioon. allaah ya gafarta maka. shakikin gwarzo kuma jagora na gaskiya da adalci. najeriya tayi asarar gwarzo. har ila yau kasar najeriya ta kasa samun wannan shuwagabannin ahmadu bello sardaunan sokoto da sir. abubakar tafawa balewa. masu son ciga. â¤ï¸,positive
@user good good ganduje ğŸ‘,positive
@user ganduje gandun aiki ğŸ’ªğŸ’ªğŸ‘ŠğŸ‘Š,positive
"@user ramadan de yazo, atuba abi allah, ba aita bin office din 'yan siyasa makiya allah ba tam.ğŸ™„ğŸ™„",positive
@user allah yaqara tsareka adalin shugaba aminğŸ™,positive
"@user sauran shugabanin kasa she su tuna tarda shi , ce wa ya manta da talakkawan sa da yayi wa alkawali, kuma haryanxu shuru ğŸ¤«ğŸ¤«ne ba labari",positive
@user wannan haka yake inda ranka kasha kallo buhari ikon allah buhari na allah buhari mai talakawa ğŸ˜ğŸ˜,positive
@user sunyi kukari gaskia yan nigeria nawa zamu hada mu ragewa buhari nauyiğŸ˜…,positive
@user allah ya kawo karshen wannan balao'in dake addabar mu a'najeriyağŸ‡³ğŸ‡¬,positive
@user kanawa suna godiya baba gandujeâœŒ,positive
"@user allah ya tabbatar mana da zaman lafiya a yankin arewacin najeriya, sannan ya kuma sakawa malam da gidan aljannah ğŸ™ğŸ™ğŸ™",positive
@user wannan shine shugabanda yafi kowane shigoba a tarihin nigeria da allah yayimasa tsawancinkwana dabamucikin wannan halin #ripğŸ˜«,positive
@user allah y kyauta y kuma yi mana maganin wayanda suke daukar nauyin kungiyar boko haram amma mu ma fah y kamata mu dawo mu bi allah sannan mu yawaita istigfari se allah y kawo mana dauki chikin halin d muka tsinchi kanmu a chiki a najeriya ğŸ‡³ğŸ‡¬,positive
"@user allah yakawo ma jama,ar kaduna dama najeriya saukin wannan al, amari ğŸ™",positive
"@user @user allah yasa da gaske suke,domin munriga munsan halin shugabannin namu ğŸ¤“ğŸ¤“",positive
@user ğŸ¤“ğŸ¤“ğŸ§ğŸ§ğŸ– allah yasa iya can be dokan zaiyi aikiğŸ™„ğŸ™„,positive
"@user komin lalachin shugaban kasa akwai wani bangaren da inya tafi za,a che kwara shi da wani. allah taimaki nigeria ğŸ‡³ğŸ‡¬ğŸ’ªğŸ’ªğŸ’¯",positive
"@user zuwan buhari jarabta ce daga allah bisa laifin da mukai, allah mun tuba, ka yafe manağŸ¤²",positive
"@user @user @user @user @user @user @user ga hannu na a samma baba na,na sara maka,you are a genius,a leader, allah ya bar mana kai....ğŸ™ŒğŸ’ªâ¤ï¸",positive
@user allah ya basu nasanar tsige shiğŸ™ a akasata najeriya ma da demokuradiyya take jaririya #good #luck #jonathanbailey ya baiwa #buhari mulki cikin ruwan sanyiğŸ¤ @user @user @user,positive
@user allah yasaka da alheri ğŸ¤²ğŸ¿ ya allah kataimaki ganduje,positive
@user subhanalillah allah ğŸ™ğŸ™ yakawomana xaman lpy a kasarmu najeriya dama duniya baki daya,positive
"@user @user in sha allah. allah ubangiji ya kawo mana tallafinsa, ya bamu tsaro daga wajensa, allah ya taimaki jami'an tsaron kasata nigeria ğŸ‡³ğŸ‡¬, allah ya basu nasara su murkushe ta'addacci. allah ya taimaki shugabanninmu zuwa abinda allah yakeso kuma ya yarda.",positive
@user addu a yakamata muyi allah yabamu shugaba na gari ğŸ˜­,positive
@user gaskia ne mai girma gomna âœ”ï¸ğŸ™Œ,positive
"@user wane darasi shugabannin wannan zamani za su koya daga marigayi janar sani abacha, wanda a yau asabar yake cika shekara 21 da rasuwa? ğŸ˜­ tsohon shugaban mulkin sojan najeriyan ya rasu ne a ranar 8 ga watan yunin shekarar 1998. https://t.co/ozjodxa6sm",positive
@user muna godiya matanen mu na legas suma sunce baba buhari next level dodaaaaarğŸ˜€ğŸ˜€ğŸ˜€ğŸ˜€ğŸ˜€,positive
"@user @user ameen summa ameen,wannan abu dey sai addua, dole mu kai kukan mu ga shugaban nin mu da kumah manyan jamiyan tsaru muğŸ’ª",positive
@user baban abba ganduje ğŸ¤² allah yasa jinkiri yazamo muna alheri,positive
"@user hahahahah pdp duka state 9 ce fa akayi announcing,,, gaskiya kunyi saurin kariya, sama da su baba ,, munyimasu warwas..ğŸ¤£ğŸ˜‚ğŸ¤£",positive
@user abinda shugaba buhari yakamata yayine tunbaya rokona shine allah yasahankan zaikawo cigaba wurin dakile yakida ta'addanci akasarmu nigeria ğŸ™,positive
@user allahu ya karba. allah kuma ya kara wa shugaban kasata lafiya da basirar ciyar da kasar gaba. a-m-e-e-n ğŸ™,positive
"@user shirin zuwan zaben atiku,allah ya bashi nasara ameenâ˜‚ğŸ‘ğŸ’“ğŸ’“ğŸ’“",positive
@user saiti baba buhari me nijeriya ğŸ‡³ğŸ‡¬ğŸ‘ğŸ¾,positive
@user wannan ra'ayin su kenan. mu dai allah ya bamu shugabanni na gari ğŸ™.,positive
@user allah yasa ganduje yaji ğŸ¤£,positive
"@user ai ba'anan tsiyar take ba, allah dai yasa ba zasu aikin baban gwiwa ba. ğŸš¶ğŸš¶ğŸš¶",positive
"@user abun mamaki da yawa yake, to wai ita arewa ba a najeriya take bane? wani abun kamar da asiri a ciki. allah ya kyauta ya iya mana.ğŸ¤²",positive
@user ğŸ¤£ğŸ¤£ğŸ¤£ğŸ¤£ğŸ¤£ğŸ¤£ğŸ¤£allahussamad allah yamana maganin shugabannin nan,positive
@user @user allah taimake baba dattijoğŸ˜Š,positive
@user allah sarki talaka bawan allah. jirgin majalisar dinkin duniya yafi rayuwan alâ€™umma kenanğŸ™„ğŸ™„. toh allah ya mana mai kyauğŸ™ğŸ»,positive
@user allah yaja da kwanan baba buharin muğŸ™,positive
@user anayi muna jin dadiğŸ˜‚ğŸ˜‚ğŸ˜‚ godiya 1000 baba,positive
@user hakane sarkin siyasar kano da kewayeğŸ’ªğŸ¼,positive
"@user hmm allah, sarki amma a hakan yafi wanda suka iya turancin amfani a majalisar ğŸ˜¡",positive
@user wallahii ganduje bai taba burgeni ba irin yauğŸ˜…ğŸ˜…ğŸ˜…,positive
@user baba yayi magana fah anan ğŸ˜ allah ya gyara kasar mu nigeria ğŸ™ https://t.co/aq4s4iqgba,positive
@user wannan gaskia ne babağŸ™Œâœ”ğŸ’¯,positive
@user a duniyan nan baki daya ban da wata kasa kamarğŸ‡³ğŸ‡¬ğŸ˜ sai godiya najeriya ta cika shekara sittin #nigeriaat60 https://t.co/5sghjgpsuk,positive
"@user to to to, shaaata me ganga ya gode, shatan me ganga sun gode. ğŸ¤£ğŸ¤£ğŸ¤£ munji wannan wakar baba muje ta gaba. ğŸ¤”",positive
@user allah ka bawa baba buhari ikon jagorantar mu da kasa gaba dayağŸ™,positive
@user mu wallahi sai buhari har abadağŸ’ªâœ”,positive
@user insha allah kafin lokaci komai zeyi dai-dai dan allah akara hakuri shugaba @user na sane daku mutan nigeria ğŸ™ğŸ™,positive
@user dede kenan muna godiya ganduje ğŸ˜‚ ğŸ˜†,positive
@user atiku ko national anthem zai sayar wannan karon sai mun zabeshi ğŸ˜‚,positive
"@user aiki na kyau, jinjina ga hukumar kwamushe masu zamba ta yanar gizo, amma ni akwai tambsyar da nake yima kaina kullum, wai mai yasa al'ummomin najeriya musamman matasa sukayi fiche a harkan kwamushe kuÉ—aÉ—en mutane masu san banza? don allah inaso wani yabani amsa. #acigabadasaka ğŸ˜·",positive
@user zamu yi pdp sakğŸ˜œğŸ˜œ,positive
"@user gaskiyane yanada kyau gwamnati tadinga d'aukan mataki mai tsanani game da masu aikata fyade, allah yashiryemu akan hanya madaidaiciya.ğŸ™",positive
@user bazamugusheba munaroqon allah jiqan shugaba nagari wandayakeda himma da juriya ganin kasa tacigaba allah jiqan ummaru musa yar adua ameeenğŸ˜­ğŸ˜­,positive
"@user yana da kyau duk yan kishin Æ™asa, irinmu, su mallaki wannan waya Æ™irar najeriya. idan da hali ma ayi doka akan kowanne mai waya biyu dole ya mallaki irin wannan waya. allah ya taimaki Æ™asata ğŸ¤²",positive
@user @user wannan matsellar dai ba laâ€™ice mafita i tace adduâ€™a allah ya kawo muna karshen ta ğŸ™ allah yakawo muna zaman lafiya akasar mu ğŸ™ kuma allah yabawa shugabanmu i kun gahra kuskuran shi ğŸ™,positive
@user ganduje zabin allah ğŸ’ªğŸ’ª,positive
@user jinjina ğŸ™ğŸ™ğŸ™ bangirma ğŸ‘ ga maigirma gwamna malam @user bisa wannan mataki da ya dauka. haka akeson shugaba wannan yasa naji inama ace shine dan takaran shugaban kasar mu nigeria ğŸ‡³ğŸ‡¬?,positive
@user allah yazaba muna shugaba nagari mai tausayin talakawan kasata janhuriyar niger ğŸ¤²ğŸ¤²ğŸ¤²,positive
@user allah ya basu masu amfani ğŸ™ğŸ» baba na kwasa tuwo fağŸ¤£ğŸ¤£,positive
@user alhamdulillah. ganduje ya dawo. allah ya karbi musulincin ka baba gandujeğŸ˜‚,positive
@user allah ya zabamuna shugaba nagari mai tausayin talakawan kasar mu jamhuriyar niger allah yasa akare lafiya munakira da hukomar zaben ceni da tayimuna adalci wajen baiyana sakamakon zabe a talakawa a binda sunka zaba allah yasa mudace amin somma amin ğŸ¤²ğŸ¤²ğŸ¤²ğŸ¤²,positive
"@user allahu akbar.... allah ya jikanta da rahama, za ki wanzu a cikin zuciyoyin mu tare da yi miki addu'a a ko da yaushe... allah kyautata makwanci allah sa da ki da shugaban halitta annabi muhammad saw... ğŸ˜­ğŸ˜­ğŸ˜­",positive
@user @user wuta babağŸ”¥ğŸ”¥ğŸ”¥ talakawa na kara godiya farin tsoho...,positive
@user @user to allah ka bamu shugabanni masu kishin muğŸ™ğŸ»,positive
@user ğŸ¤£ğŸ¤£allah sa dai kada ayi irin na zaben 2011 a nigeria,positive
@user allah yakara lfy baba ganduje ğŸ’ªğŸ”¥ up apc,positive
@user @user @user allah yasa ganawanda sukayi ya taimaki talakan najeriyağŸ™,positive
"@user e munsan da haka, amma kuji tsoron allah ku fadawa gwamnati gaskiya, kamar yadda kuka yi mata kamfe.ğŸ˜ ",positive
@user toh ra'ayin mu dai shene daman hakan mukeso baba yasake tsayawa takara sai baba insha allah ğŸ™ŒğŸ™ŒğŸ™Œ,positive
"@user ashe da gaske batun da wasu mutane suke cewa shugaban kasa baisan abubuwan da suke faruwa a kasar ba, saboda ma'aikatan da ya dauka kuma ya yarda dasu basa fada mishi gaskiyar halinda arewa take ciki? allah mun tuba. ğŸ˜±ğŸ˜­",positive
@user @user kuma zai zama shugaban kasar nigeria ğŸ‡³ğŸ‡¬ insha allah,positive
@user muna goyon bayan gwamna zulum allah yaqara temakon shugabannin nagari ğŸ™ğŸ¼ğŸ™ğŸ¼ğŸ‡³ğŸ‡¬,positive
"@user dan allah, ku barshi.. 'akwei freedom of speech' (ğŸ¤”wahalan shi kenan! ... sai muduba meyasa yayi reni) .......ğŸ—£ï¸: shi yasai, akakirashi gwabnatin 'democracy'. #live4zacreata#. ğŸƒâ€â™‚ï¸ire o!!!",positive
@user hbd baba jonathan mainasara!ğŸ‚,positive
@user @user @user hakkan yayi dai dai #congratulations our next president 2023ğŸ‡³ğŸ‡¬ğŸ™.,positive
@user kagaa buhari kamar wani saurayi dan allahğŸ˜‚ğŸ˜‚ğŸ˜‚ğŸ˜‚,positive
@user irin wannan tinanin yana cikin abubuwan da suka bawa pdp matsala dan haka anemi alkairi kawai agun allah ğŸ‘‚ğŸ½,positive
@user ğŸ˜€ allah ya ba wa baba lafiya corona kuma,positive
@user yau nigeria riko sai mai gaskiya! baba buhari kai mukeso nigeria.. ğŸ¤£ğŸ¤£,positive
@user kafisu gsky baba ğŸ‘,positive
@user walhhy kuwa allah dai ya bamu adalin shugaba mai adalci amiiinğŸ™ğŸ™ğŸ™,positive
@user baba ganduje mun gode. jamaa sun sami ciko saboda daminağŸ˜‚,positive
"@user baba buhari dodar, allah ya taya riqoğŸ˜€ğŸ˜",positive
@user iya shugabanci da sanin yakamata adalci taimakawa mutane a cikin kudin aljihunka bawae sae kudin gwamnatiba rashin nuna banbanci kadan kenan ga abubuwa nan da yawaâ—â—,positive
@user allah ya kyauta! najeriya a kasa ğŸ¤”ğŸ¤”,positive
@user kano ta buhari ce tun asali. allah ya taimaki baba. wannan taron daman na yan papalolo ne ğŸ˜†,positive
@user shugaba jagaba abin yabo (saw) ğŸ‘ŒğŸ‘ŒğŸ‘Œ,positive
"@user maryam ibrahim badamasi babangida, ba na taba mantawa da gudumawar ta ga iyayen mu matan karkara da shirin ta na """"""""""""""""""""""""""""""""better life for rural women, allah saka mata da aljannatul firdaus aminnnğŸ’",positive
@user nifa a ganina wanan dokar ba i tace mafitaba mafita anan shine a danga yi ma yan mata aure a kan lokaci in sha allahu za a samu mafitağŸ™ğŸ™,positive
@user allah na tareda kai baba @user uk finish putting sanction on nigera e no go work. nigeria is not iran #endtheprotestğŸ‡³ğŸ‡¬ #maybuharisucceed,positive
@user gwani abdullahi umar ganduje ğŸ˜‚ğŸ™ŒğŸ™,positive
"@user ahayyeğŸ’ƒğŸ’ƒğŸ’ƒdolene baban director dole kace wnan episode yafi burge ka sbd anyi show sosai. allah yasaka mah rukayya dan tafadi gaskia dan mahmud bashida liver na saka mace ta so shi, itakuma sumayya ta zirma da yawa sosai. allah dai yabiya ka directorğŸ’ƒğŸ’ƒ",positive
@user @user allah ya kare gomnan borno âœŒï¸âœŒï¸âœŒï¸âœŒï¸âœŒï¸âœŒï¸,positive
@user kwarai dagaake dumin mu sakkwatawa muna bayan alu wamakko kuma saiiii baba buhari mai gaskiya allah ya kara bashi nasara ğŸ‘ğŸ‡³ğŸ‡¬ğŸ‡³ğŸ‡¬,positive
@user jinjina ta musamman ga shugaban turkiya @user ğŸ‘,positive
@user shugaba mai adalaci na talakawa ğŸ˜ƒğŸ˜ƒ,positive
@user @user allah y kara taimakun ka ğŸ™ğŸ½ğŸ™ğŸ’ª our president,positive
@user saboda yan shiar nigeria so suke siyiwa gwamnati tawaye addini suke mai kama da kafa kungiyar kin zaman lafy mudai muslmai ne gaba daya babu abinda muka sani na daidai wanda wuce koyi da annabi muhammad saw shine mafita duk wanda yabi wata hanya da ba tashiba to yabceğŸ˜­,positive
@user a fadi alheri dai ko ayi shiru. fata nagari lamiri. allah ya kiyaye qasata najeriya ğŸ‡³ğŸ‡¬,positive
@user hmmmm malam yawale barka da zuwa ina fata dai kwana arba'in da shidan nan basuyi kadan ba akwai wasu taron kawa juna sani wanda mukeso kadanje don karawa najeriya girma a idon duniyağŸ¤—,positive
@user allah yabiya gandujeâœŠğŸ™,positive
@user allah ya kiyaye faruwar hakan nan gaba. shugabanni kuyi wani abu ko wutar data mamaye talaka ta shafe kuğŸ˜­,positive
@user masha allah rahama sadau babar yarina ğŸ¤”ğŸ¤”,positive
@user @user @user allah yaja da kwanan babana @user ğŸ¤²,positive
"@user @user zamu roqi allahğŸ™ don kaima bayinkanka bane shugabanmu, allah kawomana daukiğŸ˜­ğŸ˜­ #nothernlivesmatter",positive
@user ğŸ˜‚ğŸ˜‚ğŸ˜‚ğŸ˜‚ğŸ˜‚ğŸ˜‚ gaskiya ne buhari wannan ma nasara ce,positive
@user allah ya karemu sbd shugaba jagaba afadar sarki allah wato muhammad dan amina sa abdullahi ğŸ™ğŸ™ğŸ™,positive
"@user ydg fatan alheri ga iyalan shugaba buhari mungode allah da ya dawo mana dashi lfy, da ana cewa bazai dawo ba sai dai gawan sa ğŸ˜­ğŸ˜­ğŸ˜­ğŸ˜­",positive
@user idan har dagaske abubuwanda nagani ake tuhumar sa dashi duka gaskiyane. ina amfani da wannan damar ina yiwa daukacin yan gombs murna. domin haka yana nuna cigaba ne babba a siyasance. allah ya taimaki #gombestate dama @user bakidayağŸ™,positive
@user da anayi 16 din da baba yayi da yardar allahğŸ‘,positive
@user muna rukon allah ya zaba muna shugaba nagari kasata janhuriyar niger ğŸ¤²ğŸ¤²ğŸ¤²,positive
@user to aiki yana kyau ai daman su suka zabi apc din dai ayi musu aiki yanzu ko sun fara ganin aikiğŸ˜‚ğŸƒ,positive
@user lallai kuna ruwa ğŸŒŠ tsindin nidai sai buhari ko gobe,positive
@user hahaha gwamnati ta baya kudin fansa kinan to allah ya kiyayi gaba ğŸ˜‚,positive
"@user ğŸ˜…ğŸ˜…ğŸ˜…ğŸ˜…ğŸ˜‚ğŸ˜‚,baba bello ina wuni",positive
@user allah na tareda kai baba @user uk finish putting sanction on nigera e no go work. nigeria is not iran #endtheprotestğŸ‡³ğŸ‡¬ #maybuharisucceed nigeria is not america @user,positive
"@user muna tare da abdullahi umar ganduje, shi zai samu nasara da yardan allahğŸ™ğŸ™",positive
"@user @user shuguba buhari yayi daidai, allah ya taimaka masa ya aiwatar da uzurin sa akan matasan nan, sun addabe mu, wata kila suna tsoro kada ache dasu akayi shawara, don za'ayi rahoto da a shafin twitter aka wallafa labarin, tsoro sukaji kada su zama next victims, a kone musu jariğŸ˜",positive
"@user ni ga tawa shawarar 'yan majalisar amurka sun amince a bai wa dukkan 'yan kasa matasa dala 1,200 kyauta (fiye da naira 400,000). ğŸ‘‰ https://t.co/a3eyzaxxpv #covidngr https://t.co/yvlxi7yurs #staysafenigeria",positive
"@user da kyau! haka ake son shugaba, wannan zan cen gaskiya ne. nan bada jimawa ba zasu gane kuskurensu inhar munada shugabanni irin ka.ğŸ˜ğŸ˜",positive
"@user ai allah neh kaÉ—ai zai iya ceto najeriya daga matsalolin da take ciki, ba wasu shugabanni bah. domin kuwa su shugabannin namu ba tamu suke bahğŸ¤ğŸ˜¢",positive
@user allah ubangiji yasa baba atiku yazama shugaban qasar nigeria yasa sunusi lamido shugaban efcc ğŸ˜‚ğŸ˜‚ zamuga sabbin yan gudun hijira yasin,positive
@user wannan hka yake baba ğŸ˜‚ğŸ˜‚ğŸ¤£ğŸ¤£,positive
@user kanada gskiya baba ğŸ”¥ğŸ”¥ğŸ”¥,positive
@user buhari ne gwaninağŸ˜›ğŸ˜›ğŸ˜›,positive
"@user gaskiya inatunawa da tsuhon shugabanka umar musa yar'adu'a ne da """"""""""""""""""""""""""""""""seven points agender"""""""""""""""""""""""""""""""" dankuwa wannan tsari yadauko hanyar daidaita rayuwar talakawa. sai dai muce allah ya jikansa da ramha ğŸ˜ªğŸ˜ªğŸ˜ªğŸ˜ªğŸ˜ª",positive
@user allah yakiyaye baba ğŸ¤²,positive
@user allah yaji kanka baban dadi ğŸ˜­ğŸ˜­,positive
@user ana wasan kwaikwayo a mulkin apc. gaba dai gaba dai san kano sarkiâœŠ,positive
@user @user muna masa sannu da zuwa da fatan allah ya kara hada kan shugabannin africa dama duniya baki daya ğŸ™ğŸ™ğŸ™.,positive
@user allah yabiya baba ğŸ™ğŸ‘,positive
@user yes boss @user kaine baban mawaqah ğŸ‘‘ğŸ†ğŸ‘ˆğŸ‘†,positive
"@user ai bama wai jami,an tsaro kadai yakama su zama masu kishin kasa ba duka dan najeriya yakamata yazama mai kishin kasar shi munakira da gwamnati tazan baiwa jami,an tsaro gadanar da aikinsu yadda ya dace allah yasa hakan shine mafi alheri dan darajar annabi s,a,w ğŸ¤²ğŸ¤²",positive
@user allah yasa baba buhari yayi tazarce ğŸ™,positive
"@user mun gode wa allah, da yasa ba mutum daya ke yin zaben ba...ğŸ¤£ğŸ¤£ğŸ¤£",positive
@user hhhhh kunga baba dariya har-baka. acigaba da kewaye duniya babağŸ˜‚ğŸ˜‚ğŸ˜‚,positive
@user baba kasan irin a halin da talakawa suke ciki kuwa karki manta dukkan wani hakkin na dn nigeria yana kanka kuma dn allah yaushe ne zaka sauke wannan hakkin sbd ni wllh masoyinkane kuma wanda ba zai so ranar gobe kiyama ba ğŸ˜¢ğŸ˜¢... baba dn allah dn girman allah a duba,positive
"@user alhamdulillahi gaskiya, ana samu, sannan ina jinjina ga jajirtattun sojojin kasarmu, allah yakara basu nasara a yakin dasukeyi da ayan ta'adda amin, sannan ina me kira ga gwamnati data basu goyon baya ğŸ’¯ bisa ğŸ’¯",positive
@user ali baba agama lafiya ğŸ˜‚,positive
"@user ya allah ka sama ma """"""""""""""""""""""""""""""""yan najeriya mafita masu neman hanyar tsirağŸ˜¥ğŸ˜¥ğŸ˜¥",positive
@user allah sa haka shine mafi alheri ga talaka wan nigeria ğŸ‡³ğŸ‡¬ allah bawa buhari ikon yin mulki cikin adalci da koshin lafiya,positive
"@user wannan abun yabawane, gwamna ganduje. kada kaji tsoron duk wata kungiya ko wadansu munafukkai, ka aiwatar da umurnin allah.ğŸ’ª",positive
"@user @user @user ni dan jam'iyar apc ne, kuma inna fatan allah ya kawomana sauki a duk lamuranmu na yau da kunlun.aminğŸ™ğŸ™ğŸ™. dangane da bayanan da me girma tsohon shugaban kasa ebele jonathan yayi""""""""""""""""""""""""""""""""#hakika""""""""""""""""""""""""""""""""gaskiyane,babu abinda muke koyawa yayanmu illa kiyya bangaren da banakaba ta kowace fuska.",positive
"@user hahahaha, kai allah kyautawa shugaban kasar nn namuğŸ˜†",positive
"@user @user masha allah, jinjina ga zaÆ™aÆ™urin gwamnanmu na jihar wuhan a najeriya, babu shakka wannan abu da yayi abune mai kyau kuma kamata yayi ache sauran Æ´an uwansa gwamnoni su koya daga gareshi. #acigabadasanya ğŸ˜·ğŸ˜· domin kuwa babu shakka cutar korona gaskiyane sai an siyasantar da'ita",positive
@user an gaisheka babaâœ‹,positive
@user gaskiya wannan karon su baba anyi abin kaiğŸ˜Š,positive
@user allah ya kaimu lahadi lafiya muna yiwa allah biyayya muna yiwa shugaba da'a salla till sundayğŸ’ª,positive
"@user yau bazzen manjo talakawa suna murna da samunka a duniya , alherin allah shi kaima ka baba sarkin tausayin talaka ğŸ˜‚ğŸ˜‚",positive
@user ina ma aba baba ganduje ğŸ¥°ğŸ¥°ğŸ¥°,positive
@user allah yataemaki shugaba mae adalciğŸ™,positive
@user allah sarki baba ğŸ˜¥allah ya jiqan shi,positive
@user mai gaskiya sai allah bless you baban su buhari ğŸ™,positive
@user ğŸ˜‚ğŸ˜‚ğŸ˜‚ğŸ˜‚ lallai karshe wannan gardama yazo baba ganduje ayi saukale kawai muna goyan baya,positive
"@user allah ina roÆ™onka alfarman tsarkakan sunayenka kacigaba da kunyata shugabannin Æ™asar faransa, da duk wani mai goyon bayan muzanci ga janabin habibinka ï·ºâ¤ï¸",positive
@user allah ya gafarta musu yasa aljannatul firdaus itace makoma a garesuğŸ¤² sannan kuma shugabanni kuji tsoron allah wallahi sai allah ya tambayeku akan wannan nauyin daya dora muku ğŸ˜¥ğŸ˜¥ğŸ˜¥,positive
"@user yes hkn malam aminu, so zamu hada karfi da karfe da kuma rokon allah ya kawo mana karshen#end boko haram banditry#end corruption in ğŸ‡³ğŸ‡¬, jama'a gaaa zabe n 2023 yana tunkaro mu mu kula da kanmu da laafiyar gudun kar ayi amfani da kuri'un mu wajen zaben azzalumin shugaban,",positive
@user muna maka barka dazuwa ğŸ™‹ğŸ» tabbayata itace mai yasa kake san zuwa gurin yan siyasa na kasa,positive
"@user #yaudagobe akoi bambanci da yawa ba zai misaltu ba, shugabannin baya basu dauki komi abakin komi ba, sunayi ne domin suga sun kai kasar su ga tudun mun tsira suna yi ne domin suga sun kyautata ma talakawan su komi arha ne ba kamar yanxu ba da shugabanni suka meda mulkin gado ğŸ˜­ğŸ˜­",positive
@user gaskiya jamâ€™iyyar pdp tana da tunani mai kyau ğŸ‘,positive
@user munyafe masa saboda shugaba ne shi mai girma allah yasa su cigaba da rikemana kasarmu najeriya allah ya daga najeriya ğŸ‡³ğŸ‡¬ğŸ‡³ğŸ‡¬,positive
@user mukam muna biyayya ga gwamnati duk abunda tace idan bawai yasaba mawa addinin islama bane muna masu biyayya yauwa ğŸ™‚,positive
"@user amin y rabbi dama allah swt y halicche mu sannan y ban ban tamu t bangaren yare , al'adu d kuma kabilu ba don komai bah se dan wannan dalilan allah y karo mana lpy d zaman lpy gami d yalwar arziki a kasar mu najeriya ğŸ¤²ğŸ»ğŸ¤²ğŸ»ğŸ¤²ğŸ» https://t.co/csef5l3crd",positive
@user allah ya karemana kasarmu tagado nigeria da kare warsa daga sharrin yan siyasa ameeeeeeeeeenğŸ‡³ğŸ‡¬ğŸ‡³ğŸ‡¬ğŸ‡³ğŸ‡¬ğŸ‡³ğŸ‡¬ğŸ‡³ğŸ‡¬ğŸ‡³ğŸ‡¬,positive
@user allah yasa donal trump y kawo w buhari ziyara suyi hanu biyu d shi amin ğŸ¤,positive
text,positive
"@user aiki, aiki, aiki dai baba! ğŸ‘ğŸ¾ğŸ‘ğŸ¾ğŸ‘ğŸ¾",positive
@user no time to waste sai baba gandujeğŸ™ğŸ™ğŸ™,positive
@user yau naji nafara son ganduje wlh a zuciyyata! uban abba zama daram insha allahğŸ™ğŸ»,positive
@user to allah yabawa baban mu lafiya amin ya allah ğŸ™,positive
"@user obama kayi rawar gani sosai gaskia duniya za ta yi reshin shugaba nagari, bamu san ya amurka zata kasance ba idon ka sauka daga mulki ğŸ˜­ğŸ˜­ğŸ˜­ğŸ˜­ğŸ˜­ğŸ˜­",positive
@user kada ya yarda! muna son yaci gaba da shugabanci domin shi kadai ne yake nuna mana hakikanin wacece amurka. ğŸ˜…,positive
"@user da baba buhari, damu dukkanmu yan kasa mukara jin tsoron allah kuma mudinga saka allah cikin dukkan lamurranmu na yau da kullun, mu daina hassadar junanmu, mu daina bin junanmu da munanan kalamai. allah yakara bamu zaman lfy mai daurewa amin ğŸ™ğŸ™",positive
@user toh mudai kullum najeriya kyakkyawan fÃ¢ta muke mata ba fatan rugujewa ba!!! mummunan fÃ¢ta ya koma kan mai shi ğŸ™ŒğŸ™ŒğŸ™Œ,positive
@user a gaskiya muna amfana sosai da mulkin baba buhariâ€¢â€¢ allah ya cigaba da bashin ikon cigaba dayi mana ayyuka kamar yanda yake yi..gsky rabon da musa mu shugaba adali tin lokacin sardauna ....ğŸ˜ğŸ˜ https://t.co/artiougm0w,positive
@user happy birthday ğŸ‰ğŸ‚ baba buhari. amma dan allah ka taimaka kasa effort kasa ka sakko mana da qannan mu.,positive
"@user sulhu alkhairi ne. allah yabia baba gandujen mu,ğŸ˜Š",positive
@user wannan gaskiyane baba uban abba ğŸ™„,positive
@user baba ya fara fadar gaskiya ğŸ¤—ğŸ¤—,positive
@user baba buharinmu zaben mai nasara ubangiji allah muke roko da ya cigaba da kareka a duk inda kake allah ya baka ikon cike kudurorinka na alkhairi gaba dayağŸ™ğŸ™ğŸ™ğŸ™,positive
"@user na tayata murna sosai, domin kuwa a dai dai loÆ™acin da ministan harkokin mata na Æ™asata najeriya mista pauline tallen, ke warkewa daga chutar korona, chutar tayi sanadiyyar rasa ran mahaifi ga É—aya daga cikin abokaina. allah nake roÆ™o daya gafarta masa yakuma karemu daga kamuwağŸ˜·",positive
@user aunty sadau just tank god say na lagos if na arewa u they drive and mistakenly enter go-slow in minutes zaki ji bakia nan yaran malam sun sace ki. the next thing u go hear is buhari yayi alawadai da abin da ya faru finish......god save our country ğŸ¤²,positive
@user ehh mana allah y karawa baba lpyğŸ˜,positive
@user allah yakara lafiya baba. ubangji yaci gaba da kareka. mu kuma allah yayafe mana kura kuran mu. muna kuma rokansa da sunayensa kyawawa da kawo mana karshan wan nan wahalar. ğŸ˜ ğŸ˜ ğŸ‘¦ğŸ‘¦ğŸ‘§ https://t.co/az3smj5lox,positive
"@user baba buhari shugabane wanda babu irinshi a nigeria, mu talakkawa bazamu gane buhari nasan muba sai ya sauka da ga mulki allah yaqara ma baba buhari lapiya da kuma hazaqa shi shugaba fatan alheri ake masa sai allah yamuna yanda mukesoğŸ™Œ",positive
@user muna murna sosai d sosai ma kuwağŸ˜…ğŸ˜…ğŸ˜…9ja sai buhari idan yayi 8 ya karamana alakoron 2 ya cikemana 10ğŸ˜…ğŸ˜…ğŸ˜…lol,positive
@user allah ya taimaki baba muma muna tare da kaiâœŠğŸ»âœŠğŸ»,positive
"@user akwai banbanci hali ai, ba siffa ce tasa akeson shugaba buhari ba, halin sa ne. #kamada wane bata wane ğŸ‘Œ",positive
"@user wannan tsari nmda gwamnatin saudiya ta É—auka abune mai kyau kuma wanda ya dace, sai dai idan da zan iya baiwa gwamnatin saudiya shawara da sai ince tafara wannan bincike nata daga cikin gida, domin kuwa tarin dukiyar yarima mai jiran gado muhammad bin salman, abin tambayace. ğŸ˜·ğŸ˜·",positive
@user hakane baban kowağŸ™ŒğŸ™‹ğŸ’ªğŸ‘âœŒ,positive
@user mahaifina shine gwaninağŸ˜ i love you babağŸ˜˜ so dayawa ina alfahari da kai abbanağŸ˜˜ğŸ˜˜ğŸ˜˜,positive
@user wai dama haka baba sanusi yake da yaya da yawa to allah yasa na tsaga da raboğŸ¤²,positive
@user ruguduma ğŸ¥³ğŸ¥³ğŸ¥³ğŸ¥³ğŸ¥³ baba mustapha yaya sanyinna sister madina @user raina ya biya wanga cake ğŸ˜‹ğŸ˜‹ğŸ˜‹ğŸ˜‹ğŸ˜‹ğŸ˜‹ğŸ˜‹ğŸ˜‹ğŸ˜‹ğŸ˜‹ğŸ˜‹ğŸ˜‹ğŸ˜‹ğŸ˜‹ğŸ˜‹ buki mai zuwa na badi don allah ku gayyace ni amurka mana ğŸ¤—ğŸ¤—ğŸ¤—,positive
@user malam muhammad sunusi ll allah yakara nisan kwana nan da wani lokaci kai zakama sarkin musulmi na nigeria ğŸ‡³ğŸ‡¬ da zarar mun karbi mulki daga hannun apc insha allah,positive
"@user wannan ko shakka babu china ğŸ‡¨ğŸ‡³ ta zamo abin alfahari ga kasashen africa musamman wadanda ke fama da durkushewar tattalin arziki, mudai babban fatarmu a nigeria ğŸ‡³ğŸ‡¬ allah yabar mana shugaba muhammadu buhari lafiya domin cigaba da ayyukansa na kwarai daya soma ameen.",positive
@user allah ubangiji yaqarawa baba girma yasa yayi governor a wata tenour ğŸ˜ğŸ˜,positive
@user godiya ga mutan benue. sai babaâœŒ,positive
"@user @user up baba 2019 insha allah, muna tare dakai baba jamu muje, yan fanchale suyi biyu babuğŸ˜ƒğŸ˜ƒğŸ˜ƒ",positive
@user wannan gsky ne shehu baba â¤ï¸,positive
@user buhari yahau ana murna kuma zae sauka ana murna ğŸ¤”ğŸ¤”ğŸ¤”,positive
"@user allahu akbar.... allah ya jikanta da rahama, za ki wanzu a cikin zuciyoyin mu tare da yi miki addu'a a ko da yaushe... allah kyautata makwanci allah sa da ki da shugaban halitta annabi muhammad saw... ğŸ˜­ğŸ˜­ğŸ˜­",positive
"@user baba buhari ikon allah, yadda ka soma lafiya, haka za ka gama lafiya in sha allah, ko yanzu alhamdu lillah, mun gani a kasa. allah ya sa ka gama lafiya. ğŸ™",positive
@user kai jama'a wannan wace irin rayuwa muka tsinci kanmu ne dan allah gwamnati tayi wani abu akan mutanen nan suna matukar bukatar taimako.....duba fa baiwar allah nan yadda take matar aureğŸ˜¢ğŸ˜­ğŸ˜­ğŸ˜­,positive
@user yayi kyau babaâ¤ï¸ğŸ¤ğŸ’œ,positive
@user dalilin dayasa buhari yace akarbo maganin shine.. saboda kasar madagascar ğŸ‡²ğŸ‡¬ dashi sukayi anfani aka wayi gari babu mutun daya dayake dauke da cutar.. allah yasa tayi aiki a nigeria,positive
@user naji dadi shi ne gari banasa babağŸ¤£ğŸ¤£ğŸ¤£,positive
@user mun kwantar shugaban talakawa. allah ya mana maganin dukwasu masu muguwar manufa akan wannan kasa tamuğŸ‡³ğŸ‡¬ğŸ™ğŸ‡³ğŸ‡¬,positive
@user allah ya sawaka ğŸ™ kuma ya kawo muna karshen wannan tashe tashen hakula a kasata najeriya.,positive
@user allah yasağŸ™allah yakarawa nigeria albarka ya kare ya bamu xaman lfy..masu fitina allah ya shirye su idan kuma bamasu shiruwa bane allah ka hanesu cutar da jamaa.allah yakara shiryar shugabanin mu ka dorasu kan dedeğŸ™ğŸ™ğŸ™ameen.,positive
@user insha allah buhari zai cika dak alkawari da yamawa yar nigeria..ğŸ™ğŸ™ allah ya tabatar mana da alheri ameen#nextlevel cigaba,positive
@user allah ya taimaka baba zulum ğŸ¤²ğŸ»,positive
@user baba buhari muna nan tare dakaiğŸ™…,positive
@user @user allah sarki ğŸ˜­ muhammad buhari wlh ina tausaya maka hakkin dan adam akan allah ya yafe maka ğŸ™ ysa sauran allah al'umma suma su yafe maka ğŸ™ ğŸ™,positive
"@user eh haka akeso ai ,allah karawa buhari lfy dani sankonnaamin,â˜â˜ğŸ’ªğŸ’ªğŸ’ªğŸ’ªğŸ’ª",positive
"@user kaduna. gamu da gomna, gamu da sarki ğŸ™",positive
"@user ydg fatan alheri ga iyalan shugaba buhari mungode allah da ya dawo mana dashi lfy, da ana cewa bazai dawo ba sai dai gawan sa ğŸ˜­ğŸ˜­ğŸ˜­ğŸ˜­",positive
@user ina taya daukacin amurkawa #americans murnar samun shugaba mai inganci da kishin jamaağŸ‘âœŒğŸ˜¬,positive
@user ğŸ˜­ğŸ˜­ duk sanda naga irin wannan labari ina murna da kokarin irin wanna mutane sannan ina tausayawa shugabanninmu ! domin yawancin su basa tsoron haduwa da ubangijinmu. allah ya isar mana!,positive
"@user @user allah yasa halinsa ya canja ya koma kamar yadda muka sanshi da san talakawa, lokacin da yake kuka akan takalan najeriya, kuma yayi addua duk bara gurbin da suke tare dashi allah yayi maganin su, idan shima bazai gyaru ba allah yachanja mana da mafi alkhairiğŸ‘ğŸ‘",positive
@user sannu da sauka babağŸ™ŒğŸ»,positive
@user allah shine mafi sanin me hakam yake nufi ammah tabbas hakan yananuna najeriya takusa rabuwa gida biyu domin babu wani gamsashshiyar bayani akan batun sauyawa najeriya suna koh dalili allah kabamu zaman lafeeya a kasarmu one nation ğŸ’ªğŸ’ªğŸ’ªğŸ’ªğŸ’ªğŸ’ªğŸ’ªğŸ’ª,positive
@user innalillahi wa'ina ilaihim raji'u ğŸ˜­ğŸ˜­ğŸ˜­ğŸ˜­ ya allah kana ganin halin da muke ciki ya allah kawo mana dauki amma wllh allah shugaban nin kasar mu hakkine a kanku wllh kuma karku manta allah yabaku shugaban cine badan kuyi abuda kuke soba aaa allah y baku ne dn al'uma,positive
@user wlh yayi allah yakara karemana shugaban mu @user allah ya zabamn abunda yafi alkairi akansağŸ˜ğŸ˜˜,positive
@user hhahahah... allah yataimaki babağŸ˜‚ğŸ˜‚ğŸ˜‚ğŸ˜‚,positive
@user kaci banza baba ğŸ˜€ğŸ˜€ğŸ˜€allah ya dafa maka a mulkin ka karo na biyu.amin,positive
@user sai baba...... kuma wlh kada wanda ya sake ya xagi baba danko baba buhari yafi kowa gaskiya a nigeria ğŸ‡³ğŸ‡¬,positive
@user buhari dai ya lashe zabe ğŸŠ mu a unguwarmu har munfara murna,positive
"@user allah ya gafarta wa baban mu ali kwara amin, kasa aljannah makomah. baushe an kwanta dama allah kasa can tafi nan amin ğŸ¤²ğŸ¤²ğŸ¤²",positive
@user wannan batu na mallam nasiru haka yake nima ina goyon baya ğŸ‘‡ğŸ‘‡ najeriya qasa É—aya ce kuma al'umma É—aya,positive
@user maganarka haqqun! ya allah kabamu shugabanni da suke sonmu ba wanda mu mukeso bağŸ¤²,positive
@user baba dodar ğŸ˜‚ğŸ¤ªğŸ¤ªğŸ¤ª allah ya qara ğŸ¤ª anayi muna shan shayi ğŸ˜‚ğŸ˜‚ğŸ˜‚ğŸ¤ªğŸ¤ªğŸ¤ªğŸ¤ª,positive
@user allah ya qara taimakon gwamnatin baba buhariğŸ™,positive
@user mufa munci zabe mungama p d p power ğŸ’ª,positive
@user allah yasa baba buhari ya shiga aljannahğŸ¥°,positive
@user munci zabe mungama in sha allah. an bawa masanin harkar aikinsa. up apcğŸ’ª,positive
@user dan girman manzon allah dan binta yar ma aikin allah kuyiwa allah da manzonsa ku kyalemu haka su babawon apc ğŸ™„ğŸ˜’ğŸ˜”ğŸ˜•ğŸ˜²,positive
@user @user elrufai bai taba maganar arziki a 2020 ba irin wannan domin gaskiya ko a raba kasarnan ko a koma (parliamentary system of government) domin shikadaine tarin da zai dace da kabilun ğŸ‡³ğŸ‡¬,positive
@user allah ya jikan baba db da aljannatu firdausi. ğŸ˜¢ğŸ˜­,positive
@user dama suba maganar manzan allah ne a gaban suba akan mace tayi shugaban ci allah yasa sugane gaskiya ameen ğŸ¤²,positive
@user madallah ğŸ¤ bb ganduje muna goyon bayan wannan abun daaka mana,positive
@user allah subhanahu wata'ala kawargaxa shirinsu kawulakantasu ya allah kakunyata axxalimannan kakawomana karshen wannan ta'addancin ya rabbal-alameen shikuma wannan adalin shugaba allah kabashi kariya kacigaba da riqo da hannayenshi ya hayyoo-ya qayyoom. ğŸ‘ŒğŸ‘ğŸ‘ğŸ‘ğŸ™‡â¤,positive
@user baba buhaari dodarğŸ¶ğŸµğŸ¤¸ğŸ¼ğŸ¤¸ğŸ¼,positive
@user allah ya taimaka maka shugaba adali ğŸ™,positive
text,positive
wannan shine gaskiyar lamari domin siyasar nigeria sai mai hankali zai zabi atiku wllh,positive
kai kalli mutanen arewa abun farin ciki yasamu amma kalli like yayi karanci amma da abun sukan shugaban kasa daga likes dayawato allah yasaka da alheri shugaba buhari,positive
masha allah gaskiya bamabamai sundinatash mungudiwa allah amma baba kakara dubawa anachiki yanayi yunwa gaskiya,positive
baba aiki yayi kyau allah ubangiji ya saka maka da kwatankwacin abinda kayiwa yan nigeria,positive
hahaha allah yasa dai harda naka baba gandollar,positive
duk dokar daza susa susa amma talaka yana cikin wani hali har yanzu basa maganar ya talakawa suke kwana saidai ya zaa kara matse talaka wama tashauna illa an yasha allahu rabbul alamin da allah muka dogara,positive
wannan abun ya wuce siyasa innal muslimu akkul muslimumusulmi dan uwan musulmine dan allah mudinga sashi a addua allah yabaiyanashi,positive
innalillahi wainna ilaihirajiun ya ubangiji ba dan muba dan halin mu ba allah mun tuba ka kawowa kasar mu zaman lfy ya allah ana kashe mutanen da basu ji baba su gani ba allah ka sassauta manaya allah duk wanda yake da sa hannun a kisan nan allah ka wulakanta shi,positive
idan hakane kuwa allah yasawa baba da alkhairi,positive
allah kabamu shuwa gabanni masu sonmu a najeriya,positive
wannan doka tayi kyau dafatan kasata ma zatayi koyi dasu,positive
hhhh original i baya buya allah ya karawa baba lafiya da nisan kwanaya kuma kare shi daga sharri masu hassada da zubbace zubbace ameen thumma ameenmuch love mrpresident sir in u we trust again insha allah fatan alkairi,positive
allah ya taya ka riko ya shugaba,positive
masha allah jinjina zuwa ga mai girma gwamnan jihar borno farfesa babagana umar zulum allah ya taimaki mai taimako allah ya kare mana kai khadimul ummah din talakawan jahar borno fatan alkhairi babagana umar zulum khadimul ummah,positive
the most popular hausa man in the world i dey salute oga kawai ka fito takarar shugaban kasa kaga kai ke da arewa,positive
sai masu gida baba ya kapaa tarihi,positive
namu ba kalan nasu bane allah ya maka shugaban qasa ranka ya dade wishs you all the best,positive
ehh mana allah y karawa baba lpy,positive
allah ya kawomana karshen wannan masifakuma muna fatan gwamnati zatayi duk mai yuwuwa gorin kamo masu hannu awannandakuma hukuntasudomin kaucewa faruwan haka a gaba allah ya kyauta,positive
kar a manta a taho mana da tsaraba baba,positive
allah yah idda nufi baba yayi maka jagora ameen summa ameen,positive
baba ganduje mun gode baba ganduje mun gode ah mun gode baba ganduje mun gode baba gandu ina goggo agayamata mungode baba ganduje mun godeâ€ï¸â€ï¸â€ï¸ karota songs,positive
duk sanda naga irin wannan labari ina murna da kokarin irin wanna mutane sannan ina tausayawa shugabanninmu domin yawancin su basa tsoron haduwa da ubangijinmu allah ya isar mana,positive
muna godiya baba allah ya yaye manaa wannan annoba baki daya,positive
allah ya kara miki kaunan shi da ikon kulawa dashi har allah ya rabaku lfya mukuma allah ya jikan namu baban,positive
kai masu wanwar baba ganduje,positive
ya kyauta aie tunda su ba yan najeriya bane,positive
alhamdulillah plash back kaura ne governor a bauchi baba allah yamaka jagora,positive
nifa ina goyon baya hala alkhairi ke tafe da alama joy is coming apc +,positive
farin tsoho mai farar zuciya mai farar aniya mai farin alkhairi mu zamfarawa bamu taba mantawa dakai baba allah ya biyaka da gidan aljanna firdausi,positive
babuhari yayi alkawarin kwatosuba,positive
allah ya gafarta maka baba ladan ya sa aljannace makomar ka ameen ya hayyum ya qayyum,positive
lallai subaba ansamu kudi ï¸,positive
allah bani mukamin shugaban gidan jaridar rariya na sauke wanda ya kawo wannan tambayar ita nake yi,positive
aminu a gaskiya nakan jidadin wakokinka musamman aisha kamar ni kaiwa saka makon sunan mahaifiya tane aisha da kuma baba ina zakane allah ya kara basira,positive
sarkin ganduje in action,positive
wannan gwamnati ta kyauta wlh,positive
president buhari duk wanda yayyi mai kyau ya gani mai kyau yan najeriya sundauki yardarsu sunbakah allah kawomana zaman lafiya a najeriya ameen,positive
wannan yayi daidai da fatan dokar za ta tabbata yadda ya kamata ba sani ba sabo ï¸,positive
shugaban kasa namu gwamna namu sarki namu munci gari if you know you know,positive
hmmmmmmm hau ka tafi oga labarina yana tafiya yanda akeso wannan ka rabu dashi son a san yayi sug president neh kurum amma labarina yana yanda ake so,positive
innalillahi waina rajiu ya allah kana ganin irin halin da muke ciki ya allah kawo mana sauki da rangomi ku kuma shugaban nin mu kusani allah ne ya baku milki kuma a lokacin da yake so ya karbi milk sa babu makawa sai ya karba kuma wllh zaku hade da allah dole kuyi bayani,positive
nidaikam muna buharirokon mushine allah ya shigemasa gaba ameen thuma ameen,positive
baba manjo aikin ka na kyau my people please stay safe corona virus is realaciga ba da wanke hanu stay safe and dont forget always wear your face mask,positive
allah tabbatar wa gida najeriya alkhairi,positive
allahu akbar allah ya jikansu baba,positive
baba a gwara kasa muna goyan bayan ka allah yadaga najeria amin,positive
ya allah kayafe mana tunanin da mukeyi nace wa buhari me gaskiyane,positive
haka yayi dai dai haka nakesan kasata nigeria tadawo basani ba sabo kowa ya taka doka to a hukuntashi ba wani siyasa allah yakara shigemn gaba,positive
gabadai gabadai trump wish you won the election,positive
allah sarki allah ya taimaka babaneman nakai yafi maula,positive
yaro ya fito babansa sak allah ya musu gafara baki daya,positive
baba buhari ikon allah kana tareda nasara insha allah,positive
allah yarabamu da gwamnatin ayan wariyar launin fata,positive
hakika indian gwamnati tana baiwa jamian tsaro dama aikinsu yadda yakamata zaa samu saukin insha allah ï¸,positive
ai faï¸ baban suï¸de kabada himma oga qasannan dai kamar mu fita insha allah,positive
agaskia kisan yayi yawa sannan abi haushinma shine mininster n tsaro wai daga zamfara yake yayi shiru padan gwamnati ma shiru kakeji shima dai toh shikenan allah yakawo muku dauki amiin,positive
ahar kulun soyayyar baba buharin mu karuwa takeyi azuciyar talaka,positive
allah yajikan tsohon shugaban kasa ta tandja mamadou da rahama amin somma amin,positive
shi yasa a nake yinka kasan ya kamata allah baka nasara a zabe mai zuwa allah yasa kaine zaka share mana hawayen mu allah yasa su dauki shawarar da kabasu baban mu mai goya talakawa da marayu,positive
ai kaduna garin gomna munyi dacen jajirtaccen gomna,positive
gwamnatin mai gaskiya kenan,positive
aibashine nakoraba kawai har kaema yakamata kakori kanka da sauran yan majalisar baki daya kai harma da gwamnoni baki daya sbd komi naku gudanae allah kawomuna shuwagabanni adillae,positive
kai a yan kwanakin nan fa hannun mai girma shugaban kasa muhammadu buhari a bude yake kyauta kawai yakeyi nima allah ya tsaga da rabona saura kuma wani yacemun nai bara,positive
ba komai baba allah yasa mudace,positive
allah yakarawa rayuwa albarka baba buhari,positive
ydg fatan alheri ga iyalan shugaba buhari mungode allah da ya dawo mana dashi lfy da ana cewa bazai dawo ba sai dai gawan sa,positive
ina so a tattauna dani a matsayina na future president of nigeria insha allah,positive
allah yakara lpy da nisan kwana baba zullum,positive
ehhh gaskiya dae yakamata a jinjinawa gwamnatin shugaba buhari koda kuwa ta wajan tallafawa alummar sa da yayi wajan samun sauyin kayan masarufi,positive
masha allah baban mu,positive
yana dakyau a tantance su baba,positive
allah sarki kaduna birningwari shi ba a ma maganar shi gwamnati ta sadaukar wa É“arayi hanyar allah ya sawaÆ™e,positive
najeriya ce zaka lashe gasan,positive
wannan rainin hankali ne halan ba su jinkalon news ko ba su social media ne da xa su ce ba su san yanda najeriya ta ke va mu dai kawai allah kawo mana sawki da kuma xaman lafiya aameeen,positive
hausawa mukace yabon gwani yazama dole to babu shakka yazama dole mu yabawa ministan sadarwa kan irin namijin kokarin da yakeyi wajen ganin ya sauke hakkin nauyin daya rataya a wuyansa bravo sir allah yama jan gora,positive
mudae buhari baxamu daena sonsa ba yauwa duk munafurcin mutane,positive
pdp da na gaba ake gane zurfin ruwakowa yayi zaa masa up ganduje kainuwa dashen allah ï¸,positive
allah ya kara lafiya baba kai tatayi idan ka gaji ka bawa yusuf shima yai tatayi â€â€ï¸,positive
tunda buhari yake bai taba yin aikin daya burgeni kamar wannan balong life pmb,positive
allah yajikan tsohon shugaban kasa ta janhuriyar niger tandja mamadou allah yajikan musulmi,positive
buhari dan allah badan halinmu ba wadannan abu biyu suzama tarihi kafin kasauka ka kyale komai da komai ka tattara hankalinka kansu akwai kudin da zaa iya tabbatardasu bawai babu ba indai kagyara wadannan tom wlh kamana komai,positive
you see bahkingah yandah nakeh yinki har a snapchat,positive
gaba dai gaba dai gwamnatin jihar kaduna gaba dai gaba dai mal nasir elrufai,positive
muna tare dasu allah ya kara yarda da damu da imanimu baba daya,positive
buhari ya ci zabe,positive
wannan kwadaitawar bayau aka saba yintaba km alkawali yazama hira ga buhari allah yashi gemuna gaba km allah yaqara tufah muna asiri bakidayanmu,positive
muna marhabun da lale da wannan gagarumin yinÆ™uri da hukumar zaÉ“e ta inec ke Æ™oÆ™arin É—auka dominkuwa hakan yinÆ™urine mai kyau nima kuma da wannan nake miÆ™a Æ™oÆ™on baran alummar najeriya ga shugaba daya dubi allah yaÆ™ara yawan Æ™ananan hukumomin da muke dasu a najeriya,positive
allah ya taya maka jigo a siyasar nijeriya babu fushi gareka baka gaba,positive
allahu akbar allah ya jikanta da rahama za ki wanzu a cikin zuciyoyin mu tare da yi miki addua a ko da yaushe allah kyautata makwanci allah sa da ki da shugaban halitta annabi muhammad saw,positive
ahmed lawan shine shugaban majalisa inshaallah,positive
allah yajikan shi yagafarta masa kalubale gareka buhari ï¸ï¸ï¸ï¸arewacin nigeria on fire,positive
buhari yai kokari ya sa santa da asuu a koma makaranta yafito yai live broadcasting ga jamaar kasa yabasu hakuri may allah bless our country,positive
tab allah yasah lafiyah saboda lamarin buhari fah sai a hankali ba a ganaii masah,positive
shugaba kenan wai ai komai ma allah ne yake yi,positive
gaskiya wannan hotan ya burgeni mai dauke da wannan labarin a najeriya an bajekolin wani aikin tagulla a cikin wani kanti a jihar benin,positive
allah kasa zuwan su shine sanadiyyar kawo karshen covid a najeriya idan ma sharri suka zo dashi yÃ£ allah ka mayar dashi alkhairi,positive
aiki ga mai kareka kanawa ganaku ganduje gandun aiki,positive
allah yakara lafia baba,positive
mijina neh ya fara zuwa zuciyana amma babana shine gwani nah inasonsu duk su biyun,positive
kaga masu gaskiya shugaban masu gaskiya adalin shugabah ba a taba kamarka bah kuma baza ayibah general,positive
inna lillahi wa inna ilaihi raajioonya allah ka bamu zaman lafiya aqasarmu najeriya da kuma duniya bakidaya,positive
masha allah allah yakaika lafiya baba,positive
a daidai wannan lokacin sai dai rokon allah saboda gwamnati bashine a gabanta baallah ya zaunadda kasanmu lafiya,positive
shugabar yan film ta nigeria love you,positive
tabbas wannan lamari zai shafi talaka sosai allah ka bamu shugabanni masu tausaya mana,positive
wllh allah hk ne kuma wllh allah yana ganin ku kuma zai tsayar da ku a gaban sa kuma wllh sai kunyi bayani dallah dallah ai ni wllh da nine shugaban kasa allah nasan yarda zanyi da asuu wllh amma kana shugaba kakasa komai ai ba hk ake shugaban ciba wllh,positive
munana tare sarkiallah y aiko d baban rabo,positive
kaiii ashe ganduje ma akwai wanka,positive
muna yimaka fatan alheri baba buhari,positive
wanna gaskiya ne baba allah ya kara mai lafiya,positive
baban ka mai albarka ne yaro allah ya gafar ta masa,positive
retweet and dan najeriya ne ya lashe gasar cin abinci mai masifar yaji a kasar china congratulations dan mayya,positive
kano kam fa sei abba minsomi ganduje doh fa,positive
wannan gaskia ne baba bamu gani ba koma koda wasa bamuji labari ba jamu muje jagoran talakawa next level muna ciki warhaka,positive
alhamdulillah da samun baba buhari mandatory shugaban kasar mu nigeria,positive
